Prompt,Target Output,Actual Output,Bleu Score,chrF Score
"Rule: dani = like, lano = bread, tay = many/very.
Dasopya → English
Sentence:
swe i dani e tay lano",They like a lot of bread.,I like very bread,,
"Rule: Adjectives follow *e* for “to be.” lase = fast, daw = person.
English → Dasopya
Sentence:
I am a fast person.",bay e lase daw,daw lase,,
"Rule: dyu = future marker before verb. kami = buy, kupa = fruit.
Dasopya → English
Sentence:
bay i dyu kami e kupa",I will buy fruit.,I will buy fruit,,
"Rule: Subject can be a noun; pila = bird, loy = see, sapa = fish.
English → Dasopya
Sentence:
The bird sees the fish.",pila i loy e sapa,pila loy sapa,,
"Rule: may = now, placed at start; subject *a* not needed if subject first.
Dasopya → English
Sentence:
may a bay i plu",Now I go / Now I am going.,bay i plu,,